,question,predicted_answer,target,context
0,чем представлены органические остатки?,"Органические остатки в протерозойских отложениях представлены известковыми выделениями сине-зелёных водорослей, ходами червей, остатками кишечнополостных.",известковыми выделениями сине-зелёных водорослей,"В протерозойских отложениях органические остатки встречаются намного чаще, чем в архейских. Они представлены известковыми выделениями сине-зелёных водорослей, ходами червей, остатками кишечнополостных. Кроме известковых водорослей, к числу древнейших растительных остатков относятся скопления графито-углистого вещества, образовавшегося в результате разложения Corycium enigmaticum. В кремнистых сланцах железорудной формации Канады найдены нитевидные водоросли, грибные нити и формы, близкие современным кокколитофоридам. В железистых кварцитах Северной Америки и Сибири обнаружены железистые продукты жизнедеятельности бактерий."
1,что найдено в кремнистых сланцах железорудной формации Канады?,"Нитевидные водоросли, грибные нити и формы, близкие современным кокколитофоридам.","нитевидные водоросли, грибные нити","В протерозойских отложениях органические остатки встречаются намного чаще, чем в архейских. Они представлены известковыми выделениями сине-зелёных водорослей, ходами червей, остатками кишечнополостных. Кроме известковых водорослей, к числу древнейших растительных остатков относятся скопления графито-углистого вещества, образовавшегося в результате разложения Corycium enigmaticum. В кремнистых сланцах железорудной формации Канады найдены нитевидные водоросли, грибные нити и формы, близкие современным кокколитофоридам. В железистых кварцитах Северной Америки и Сибири обнаружены железистые продукты жизнедеятельности бактерий."
2,что встречается в протерозойских отложениях?,"В протерозойских отложениях органические остатки встречаются намного чаще, чем в архейских.",органические остатки,"В протерозойских отложениях органические остатки встречаются намного чаще, чем в архейских. Они представлены известковыми выделениями сине-зелёных водорослей, ходами червей, остатками кишечнополостных. Кроме известковых водорослей, к числу древнейших растительных остатков относятся скопления графито-углистого вещества, образовавшегося в результате разложения Corycium enigmaticum. В кремнистых сланцах железорудной формации Канады найдены нитевидные водоросли, грибные нити и формы, близкие современным кокколитофоридам. В железистых кварцитах Северной Америки и Сибири обнаружены железистые продукты жизнедеятельности бактерий."
3,что относится к числу древнейших растительных остатков?,"Скопления графито-углистого вещества, образовавшегося в результате разложения Corycium enigmaticum.",скопления графито-углистого вещества,"В протерозойских отложениях органические остатки встречаются намного чаще, чем в архейских. Они представлены известковыми выделениями сине-зелёных водорослей, ходами червей, остатками кишечнополостных. Кроме известковых водорослей, к числу древнейших растительных остатков относятся скопления графито-углистого вещества, образовавшегося в результате разложения Corycium enigmaticum. В кремнистых сланцах железорудной формации Канады найдены нитевидные водоросли, грибные нити и формы, близкие современным кокколитофоридам. В железистых кварцитах Северной Америки и Сибири обнаружены железистые продукты жизнедеятельности бактерий."
4,как образовалось графито-углистое вещество?,"В протерозойские времена, около 2,1 млрд лет назад, на Земле существовали микроорганизмы, такие как Corycium enigmaticum. Они играли важную роль в образовании залежей графита и угля. Графито-углистое вещество образовалось в результате их жизнедеятельности - разложения органических веществ, что",в результате разложения Corycium enigmaticum,"В протерозойских отложениях органические остатки встречаются намного чаще, чем в архейских. Они представлены известковыми выделениями сине-зелёных водорослей, ходами червей, остатками кишечнополостных. Кроме известковых водорослей, к числу древнейших растительных остатков относятся скопления графито-углистого вещества, образовавшегося в результате разложения Corycium enigmaticum. В кремнистых сланцах железорудной формации Канады найдены нитевидные водоросли, грибные нити и формы, близкие современным кокколитофоридам. В железистых кварцитах Северной Америки и Сибири обнаружены железистые продукты жизнедеятельности бактерий."
5,Куда поступают остатки непереваренной пищи?,Остатки непереваренной пищи поступают в толстый кишечник.,в толстый кишечник,"Кишечник млекопитающего подразделяется на тонкий и толстый (к последнему относятся слепая, ободочная и прямая кишка). Бо́льшая часть пищи переваривается в тонком кишечнике, через стенки которого основные питательные вещества всасываются в кровь. Остатки непереваренной пищи поступают в толстый кишечник, где они подвергаются бродильным процессам с участием эндосимбионтов — бактерий, грибков и простейших. Для видов, кормящихся грубой растительной пищей, особо важную роль в этих процессах играет слепая кишка, слабо развитая или вообще отсутствующая у плотоядных видов; стенки слепой кишки большинства млекопитающих содержат большое количество лимфатической ткани, из-за чего она играет ещё и важную роль в иммунной системе. В ободочной кишке каловые массы обезвоживаются, скапливаются в прямой кишке и затем удаляются из организма через анальное отверстие."
6,Каким процессам подвергается непереваренная пища в толстом кишечнике?,"Непереваренная пища в толстом кишечнике подвергается бродильным процессам с участием эндосимбионтов - бактерий, грибков и простейших.",бродильным процессам с участием эндосимбионтов,"Кишечник млекопитающего подразделяется на тонкий и толстый (к последнему относятся слепая, ободочная и прямая кишка). Бо́льшая часть пищи переваривается в тонком кишечнике, через стенки которого основные питательные вещества всасываются в кровь. Остатки непереваренной пищи поступают в толстый кишечник, где они подвергаются бродильным процессам с участием эндосимбионтов — бактерий, грибков и простейших. Для видов, кормящихся грубой растительной пищей, особо важную роль в этих процессах играет слепая кишка, слабо развитая или вообще отсутствующая у плотоядных видов; стенки слепой кишки большинства млекопитающих содержат большое количество лимфатической ткани, из-за чего она играет ещё и важную роль в иммунной системе. В ободочной кишке каловые массы обезвоживаются, скапливаются в прямой кишке и затем удаляются из организма через анальное отверстие."
7,В каком кишечнике переваривается основная часть пищи?,В тонком кишечнике.,в тонком кишечнике,"Кишечник млекопитающего подразделяется на тонкий и толстый (к последнему относятся слепая, ободочная и прямая кишка). Бо́льшая часть пищи переваривается в тонком кишечнике, через стенки которого основные питательные вещества всасываются в кровь. Остатки непереваренной пищи поступают в толстый кишечник, где они подвергаются бродильным процессам с участием эндосимбионтов — бактерий, грибков и простейших. Для видов, кормящихся грубой растительной пищей, особо важную роль в этих процессах играет слепая кишка, слабо развитая или вообще отсутствующая у плотоядных видов; стенки слепой кишки большинства млекопитающих содержат большое количество лимфатической ткани, из-за чего она играет ещё и важную роль в иммунной системе. В ободочной кишке каловые массы обезвоживаются, скапливаются в прямой кишке и затем удаляются из организма через анальное отверстие."
8,Какие виды анатомических сегментов выделяют в кишечнике у млекопитающих?,"У млекопитающих выделяют 4 анатомических сегмента кишечника: тонкий, слепая, ободочная и прямая кишка.",тонкий и толстый,"Кишечник млекопитающего подразделяется на тонкий и толстый (к последнему относятся слепая, ободочная и прямая кишка). Бо́льшая часть пищи переваривается в тонком кишечнике, через стенки которого основные питательные вещества всасываются в кровь. Остатки непереваренной пищи поступают в толстый кишечник, где они подвергаются бродильным процессам с участием эндосимбионтов — бактерий, грибков и простейших. Для видов, кормящихся грубой растительной пищей, особо важную роль в этих процессах играет слепая кишка, слабо развитая или вообще отсутствующая у плотоядных видов; стенки слепой кишки большинства млекопитающих содержат большое количество лимфатической ткани, из-за чего она играет ещё и важную роль в иммунной системе. В ободочной кишке каловые массы обезвоживаются, скапливаются в прямой кишке и затем удаляются из организма через анальное отверстие."
9,Для каких видов млекопитающих особо важна слепая кишка?,"Слепая кишка играет особенно важную роль у видов, кормящихся грубой растительной пищей, таких как козлики и некоторые виды сельскохозяйственных животных.","Для видов, кормящихся грубой растительной пищей","Кишечник млекопитающего подразделяется на тонкий и толстый (к последнему относятся слепая, ободочная и прямая кишка). Бо́льшая часть пищи переваривается в тонком кишечнике, через стенки которого основные питательные вещества всасываются в кровь. Остатки непереваренной пищи поступают в толстый кишечник, где они подвергаются бродильным процессам с участием эндосимбионтов — бактерий, грибков и простейших. Для видов, кормящихся грубой растительной пищей, особо важную роль в этих процессах играет слепая кишка, слабо развитая или вообще отсутствующая у плотоядных видов; стенки слепой кишки большинства млекопитающих содержат большое количество лимфатической ткани, из-за чего она играет ещё и важную роль в иммунной системе. В ободочной кишке каловые массы обезвоживаются, скапливаются в прямой кишке и затем удаляются из организма через анальное отверстие."
